<?xml version="1.0" encoding="UTF-8"?>
<project-private xmlns="http://www.netbeans.org/ns/project-private/1">
    <editor-bookmarks xmlns="http://www.netbeans.org/ns/editor-bookmarks/1"/>
    <editor-bookmarks xmlns="http://www.netbeans.org/ns/editor-bookmarks/2" lastBookmarkId="0"/>
    <open-files xmlns="http://www.netbeans.org/ns/projectui-open-files/2">
        <group>
            <file>file:/D:/Resources/Resources/16.advance%20java/JSP_project/ServletExample/web/WEB-INF/web.xml</file>
            <file>file:/D:/Resources/Resources/16.advance%20java/JSP_project/ServletExample/src/java/com/java/servlet/DemoServletConfig.java</file>
            <file>file:/D:/Resources/Resources/16.advance%20java/JSP_project/ServletExample/src/java/com/java/servlet/ShowRequestHeaders.java</file>
            <file>file:/D:/Resources/Resources/16.advance%20java/JSP_project/ServletExample/src/java/com/java/servlet/DemoServletContext.java</file>
        </group>
    </open-files>
</project-private>
