<?xml version="1.0" encoding="UTF-8"?>
<project-private xmlns="http://www.netbeans.org/ns/project-private/1">
    <editor-bookmarks xmlns="http://www.netbeans.org/ns/editor-bookmarks/1"/>
    <editor-bookmarks xmlns="http://www.netbeans.org/ns/editor-bookmarks/2" lastBookmarkId="0"/>
    <open-files xmlns="http://www.netbeans.org/ns/projectui-open-files/2">
        <group>
            <file>file:/D:/Resources/Resources/16.advance%20java/JSP_project/Login2/src/java/AdminAuth.java</file>
            <file>file:/D:/Resources/Resources/16.advance%20java/JSP_project/Login2/src/java/pack2/TestServlet.java</file>
            <file>file:/D:/Resources/Resources/16.advance%20java/JSP_project/Login2/src/java/pack2/NewServlet.java</file>
        </group>
    </open-files>
</project-private>
