<?xml version='1.0' encoding='UTF-8' ?>
<!-- was: <?xml version="1.0" encoding="UTF-8"?> -->
<beans xmlns = "http://www.springframework.org/schema/beans"
       xmlns:xsi = "http://www.w3.org/2001/XMLSchema-instance"
       xmlns:p="http://www.springframework.org/schema/p"
       xmlns:context = "http://www.springframework.org/schema/context"
       xmlns:aop = "http://www.springframework.org/schema/aop"
       xmlns:tx = "http://www.springframework.org/schema/tx"
       xmlns:mvc="http://www.springframework.org/schema/mvc"
       xsi:schemaLocation = "http://www.springframework.org/schema/beans
       http://www.springframework.org/schema/beans/spring-beans.xsd
       http://www.springframework.org/schema/context
       http://www.springframework.org/schema/context/spring-context.xsd
       http://www.springframework.org/schema/aop 
       http://www.springframework.org/schema/aop/spring-aop.xsd
       http://www.springframework.org/schema/mvc
       http://www.springframework.org/schema/mvc/spring-mvc.xsd
       http://www.springframework.org/schema/tx
       http://www.springframework.org/schema/tx/spring-tx.xsd">   
    
    <context:component-scan base-package="com.spring.web"/>
    <context:annotation-config/>
    
    <aop:aspectj-autoproxy/>
    
    <bean id="viewResolver"
          class="org.springframework.web.servlet.view.InternalResourceViewResolver"
          p:prefix="/WEB-INF/jsp/"
          p:suffix=".jsp" /> 
    

    
    <bean id="dataSource" class="org.springframework.jdbc.datasource.DriverManagerDataSource">
        <property name="url" value="jdbc:mysql://localhost:3306/hospital_management_system"/>
        <property name="username" value="root"/>
        <property name="password" value="123"/>
        <property name="driverClassName" value="com.mysql.jdbc.Driver"/>
    </bean>
    
        <bean id="sessionFactory" class="org.springframework.orm.hibernate4.LocalSessionFactoryBean">
        <property name="dataSource" ref="dataSource"/>
        <property name="hibernateProperties">
            <value>
                hibernate.dialect = org.hibernate.dialect.MySQLDialect
                hibernate.show_sql = true
            </value>
        </property>
        <property name="packagesToScan">
            <value>com.spring.web.model</value>
        </property>
        <property name="annotatedClasses">
            <list>
                <value>com.spring.web.model.User</value>
                <value>com.spring.web.model.Doctor</value>
                <value>com.spring.web.model.Receptionist</value>
                <value>com.spring.web.model.Appointment</value>
                <value>com.spring.web.model.Audit</value>
                <value>com.spring.web.model.AppoinmentApprove</value>
                <value>com.spring.web.model.AddService</value>
                <value>com.spring.web.model.Invoice</value>
                <value>com.spring.web.model.Invoice_total</value>
            </list>
        </property>
    </bean>
    
<!--        &&&&&&&&&&&&&&&&&&&&&& Hibernate Transaction Configuration &&&&&&&&&&&&&&&&&&&&&& -->
    <bean id="tx" class="org.springframework.orm.hibernate4.HibernateTransactionManager">
        <property name="sessionFactory" ref="sessionFactory"/>
    </bean>
    <tx:annotation-driven transaction-manager="tx"/>
  
    <mvc:annotation-driven/>
    <mvc:resources mapping="/assets/**" location="/assets/"/>
    <mvc:resources mapping="/forms/**" location="/assets/"/>
    
    <bean id="multipartResolver" class="org.springframework.web.multipart.commons.CommonsMultipartResolver">
        
<!--        one fo the properties available; the maximum file size in bytes-->

        <property name="maxUploadSize" value="20971520"/>
    </bean>
    
</beans>
